year,latitude,longitude,ndvi,annual_rainfall_mm,elevation_m,slope_deg,soil_clay_percent,soil_sand_percent,estimated_soil_loss_t_ha_yr
2008,24.815399,86.84247,0.22394477458166934,1419.3910351582454,116.59743683753047,3.5338152182165197,26.560849598163035,45.93570608495982,10.800085965805472
2009,24.815399,86.84247,0.22156117172077264,1191.5540659056278,116.59743683753047,3.5338152182165197,26.560849598163035,45.93570608495982,9.094331278387983
2010,24.815399,86.84247,0.20775363546331144,1003.8618231276632,116.59743683753047,3.5338152182165197,26.560849598163035,45.93570608495982,7.797703548798346
2011,24.815399,86.84247,0.23388691961422772,1265.4049472479965,116.59743683753047,3.5338152182165197,26.560849598163035,45.93570608495982,9.505061527022985
2012,24.815399,86.84247,0.2328276735898825,1144.4469452606863,116.59743683753047,3.5338152182165197,26.560849598163035,45.93570608495982,8.608373853543606
2013,24.815399,86.84247,0.21541193065152733,1143.5383410287322,116.59743683753047,3.5338152182165197,26.560849598163035,45.93570608495982,8.796804841898924
2014,24.815399,86.84247,0.2552805212431378,1270.7308979615918,116.59743683753047,3.5338152182165197,26.560849598163035,45.93570608495982,9.278522607448254
2015,24.815399,86.84247,0.30499394922598533,1131.1126413607853,116.59743683753047,3.5338152182165197,26.560849598163035,45.93570608495982,7.7077384419330635
2016,24.815399,86.84247,0.2744609893175741,1327.1417406102992,116.59743683753047,3.5338152182165197,26.560849598163035,45.93570608495982,9.440839274614596
2017,24.815399,86.84247,0.28549135905979534,1589.5500355167314,116.59743683753047,3.5338152182165197,26.560849598163035,45.93570608495982,11.135615206182555
2018,24.815399,86.84247,0.3105459514481413,1061.640736075933,116.59743683753047,3.5338152182165197,26.560849598163035,45.93570608495982,7.176545250448863
2019,24.815399,86.84247,0.2849943103675589,1292.141356492939,116.59743683753047,3.5338152182165197,26.560849598163035,45.93570608495982,9.058411621167812
2020,24.815399,86.84247,0.3647998456413524,1602.5561701382976,116.59743683753047,3.5338152182165197,26.560849598163035,45.93570608495982,9.980593844644076
2021,24.815399,86.84247,0.31462194843154584,1592.960411881446,116.59743683753047,3.5338152182165197,26.560849598163035,45.93570608495982,10.704532434192993
2022,24.815399,86.84247,0.404771927123288,1043.813133660995,116.59743683753047,3.5338152182165197,26.560849598163035,45.93570608495982,6.091702558267742
2023,24.815399,86.84247,0.2922707382600159,1233.776585243526,116.59743683753047,3.5338152182165197,26.560849598163035,45.93570608495982,8.561230758883301
2024,24.815399,86.84247,0.34454750268198076,1063.0209165317938,116.59743683753047,3.5338152182165197,26.560849598163035,45.93570608495982,6.831491927171699
2025,24.815399,86.84247,0.4002051475549029,1203.0628852276132,116.59743683753047,3.5338152182165197,26.560849598163035,45.93570608495982,7.0749535049879215
