geo,elevation_m,latitude,longitude,ndvi,quarter,rainfall_mm,slope_deg,year
,79.01343484838524,25.064478,84.772023,0.39015136225503094,Q1,24.538609087467194,1.7262109102452043,2010
,79.01343484838524,25.064478,84.772023,0.15312716763320172,Q2,100.71387854218483,1.7262109102452043,2010
,79.01343484838524,25.064478,84.772023,0.2621319618471379,Q3,580.9590654373169,1.7262109102452043,2010
,79.01343484838524,25.064478,84.772023,0.42545257456394914,Q4,79.30207040905952,1.7262109102452043,2010
,79.01343484838524,25.064478,84.772023,0.3477672411453238,Q1,22.660724103450775,1.7262109102452043,2011
,79.01343484838524,25.064478,84.772023,0.17561133885908975,Q2,200.12776374816895,1.7262109102452043,2011
,79.01343484838524,25.064478,84.772023,0.45218659554927043,Q3,752.5532574653625,1.7262109102452043,2011
,79.01343484838524,25.064478,84.772023,0.43644147181337795,Q4,40.24177099019289,1.7262109102452043,2011
,79.01343484838524,25.064478,84.772023,0.423385668305888,Q1,32.03656756877899,1.7262109102452043,2012
,79.01343484838524,25.064478,84.772023,0.21732199814620515,Q2,130.01405268907547,1.7262109102452043,2012
,79.01343484838524,25.064478,84.772023,,Q3,786.4540975093842,1.7262109102452043,2012
,79.01343484838524,25.064478,84.772023,0.29158260941316894,Q4,47.6537900865078,1.7262109102452043,2012
,79.01343484838524,25.064478,84.772023,0.5887941440067412,Q1,40.747830867767334,1.7262109102452043,2013
,79.01343484838524,25.064478,84.772023,0.18148018915256403,Q2,209.98852649331093,1.7262109102452043,2013
,79.01343484838524,25.064478,84.772023,0.45657530078655034,Q3,549.7103282213211,1.7262109102452043,2013
,79.01343484838524,25.064478,84.772023,0.2896700918151167,Q4,208.6046080738306,1.7262109102452043,2013
,79.01343484838524,25.064478,84.772023,0.4442727239191393,Q1,40.65674877166748,1.7262109102452043,2014
,79.01343484838524,25.064478,84.772023,0.2183413342526937,Q2,116.33157131075859,1.7262109102452043,2014
,79.01343484838524,25.064478,84.772023,,Q3,719.5709331035614,1.7262109102452043,2014
,79.01343484838524,25.064478,84.772023,,Q4,71.77803774923086,1.7262109102452043,2014
,79.01343484838524,25.064478,84.772023,0.4743661323490265,Q1,37.18339568376541,1.7262109102452043,2015
,79.01343484838524,25.064478,84.772023,0.2302922399661486,Q2,164.59859788417816,1.7262109102452043,2015
,79.01343484838524,25.064478,84.772023,0.8226082147745402,Q3,760.8193454742432,1.7262109102452043,2015
,79.01343484838524,25.064478,84.772023,0.3001421828283971,Q4,34.068824641406536,1.7262109102452043,2015
,79.01343484838524,25.064478,84.772023,0.37686758356936234,Q1,33.203873097896576,1.7262109102452043,2016
,79.01343484838524,25.064478,84.772023,0.20331289772369204,Q2,115.39419496059418,1.7262109102452043,2016
,79.01343484838524,25.064478,84.772023,0.8592836847942779,Q3,1032.273769378662,1.7262109102452043,2016
,79.01343484838524,25.064478,84.772023,0.16162518764157957,Q4,90.13732048869133,1.7262109102452043,2016
,79.01343484838524,25.064478,84.772023,0.3356241731349703,Q1,22.887057542800903,1.7262109102452043,2017
,79.01343484838524,25.064478,84.772023,0.21334150920420752,Q2,105.28320181369781,1.7262109102452043,2017
,79.01343484838524,25.064478,84.772023,0.9141354243303526,Q3,818.6120492219925,1.7262109102452043,2017
,79.01343484838524,25.064478,84.772023,,Q4,33.41874974966049,1.7262109102452043,2017
,79.01343484838524,25.064478,84.772023,0.2556816540633853,Q1,23.868808329105377,1.7262109102452043,2018
,79.01343484838524,25.064478,84.772023,0.26749861683847126,Q2,134.3914306461811,1.7262109102452043,2018
,79.01343484838524,25.064478,84.772023,0.7911529640633931,Q3,649.6212682723999,1.7262109102452043,2018
,79.01343484838524,25.064478,84.772023,0.7266426835130405,Q4,51.27078656852245,1.7262109102452043,2018
,79.01343484838524,25.064478,84.772023,0.5667469283357703,Q1,39.444615840911865,1.7262109102452043,2019
,79.01343484838524,25.064478,84.772023,0.2191981771037216,Q2,135.92870584130287,1.7262109102452043,2019
,79.01343484838524,25.064478,84.772023,,Q3,852.0157160758972,1.7262109102452043,2019
,79.01343484838524,25.064478,84.772023,,Q4,54.47858891636133,1.7262109102452043,2019
,79.01343484838524,25.064478,84.772023,0.4985895772928506,Q1,90.8707365989685,1.7262109102452043,2020
,79.01343484838524,25.064478,84.772023,0.2968299850256357,Q2,309.02067828178406,1.7262109102452043,2020
,79.01343484838524,25.064478,84.772023,,Q3,821.1100347042084,1.7262109102452043,2020
,79.01343484838524,25.064478,84.772023,0.32296911883219687,Q4,94.64511278271675,1.7262109102452043,2020
,79.01343484838524,25.064478,84.772023,0.6160938877540285,Q1,19.185004889965057,1.7262109102452043,2021
,79.01343484838524,25.064478,84.772023,0.2484271250596681,Q2,552.7731877565384,1.7262109102452043,2021
,79.01343484838524,25.064478,84.772023,,Q3,746.4587645530701,1.7262109102452043,2021
,79.01343484838524,25.064478,84.772023,0.3373177615821332,Q4,88.00016042590141,1.7262109102452043,2021
,79.01343484838524,25.064478,84.772023,0.5929157640424477,Q1,44.66935259103775,1.7262109102452043,2022
,79.01343484838524,25.064478,84.772023,0.2554965392869292,Q2,216.25702115893364,1.7262109102452043,2022
,79.01343484838524,25.064478,84.772023,0.5135369134694834,Q3,573.1439924240112,1.7262109102452043,2022
,79.01343484838524,25.064478,84.772023,0.3468071891202987,Q4,68.0470524430275,1.7262109102452043,2022
,79.01343484838524,25.064478,84.772023,0.4096918164211228,Q1,36.10803705453873,1.7262109102452043,2023
,79.01343484838524,25.064478,84.772023,0.25320758383771047,Q2,128.58719384670258,1.7262109102452043,2023
,79.01343484838524,25.064478,84.772023,0.37758995233026194,Q3,569.4159088134766,1.7262109102452043,2023
,79.01343484838524,25.064478,84.772023,0.34377512465011606,Q4,97.34041479229927,1.7262109102452043,2023
,79.01343484838524,25.064478,84.772023,0.739787299982329,Q1,42.21328890323639,1.7262109102452043,2024
,79.01343484838524,25.064478,84.772023,0.23546227521346083,Q2,127.64639410376549,1.7262109102452043,2024
,79.01343484838524,25.064478,84.772023,0.8789563664266109,Q3,714.4696900844574,1.7262109102452043,2024
,79.01343484838524,25.064478,84.772023,,Q4,53.58093909174204,1.7262109102452043,2024
,79.01343484838524,25.064478,84.772023,0.5000119603180864,Q1,24.643122911453247,1.7262109102452043,2025
,79.01343484838524,25.064478,84.772023,0.23640095357548174,Q2,172.69247376918793,1.7262109102452043,2025
,79.01343484838524,25.064478,84.772023,0.8310067982741364,Q3,770.5476107597351,1.7262109102452043,2025
,79.01343484838524,25.064478,84.772023,0.3683088273559892,Q4,98.46319398283958,1.7262109102452043,2025
